use InGameShop
insert into Пользователи
(ИД_пользователя, Электронная_почта, Имя_пользователя)
values('USRAAA001', 'crovausseddiva-1840@gmail.com', 'crovausseddiva-1840')
insert into Пользователи
(ИД_пользователя, Электронная_почта, Имя_пользователя)
values('USRAAA002', 'rallilenneike-3242@mail.ru', 'rallilenneike-3242')
insert into Пользователи
(ИД_пользователя, Электронная_почта, Имя_пользователя)
values('USRAAA003', 'liveuyoinexoi-7956@mail.ru', 'liveuyoinexoi-7956')
insert into Пользователи
(ИД_пользователя, Электронная_почта, Имя_пользователя)
values('USRAAA004', 'prozecrizoddoi-6456@mail.ru', 'prozecrizoddoi-6456')
insert into Пользователи
(ИД_пользователя, Электронная_почта, Имя_пользователя)
values('USRAAA005', 'dalleppummoisa-1776@gmail.com', 'dalleppummoisa-1776')
insert into Пользователи
(ИД_пользователя, Электронная_почта, Имя_пользователя)
values('USRAAA006', 'souffauyomminno-1379@gmail.com', 'souffauyomminno-1379')
insert into Пользователи
(ИД_пользователя, Электронная_почта, Имя_пользователя)
values('USRAAA007', 'crotteipuqueigu-8275@hotmail.com', 'crotteipuqueigu-8275')
insert into Пользователи
(ИД_пользователя, Электронная_почта, Имя_пользователя)
values('USRAAA008', 'baxaxeivagou-6038@gmail.com', 'baxaxeivagou-6038')
insert into Пользователи
(ИД_пользователя, Электронная_почта, Имя_пользователя)
values('USRAAA009', 'bettecebicra-9831@mail.ru', 'bettecebicra-9831')
insert into Пользователи
(ИД_пользователя, Электронная_почта, Имя_пользователя)
values('USRAAA010', 'vagounnutrixa-8978@hotmail.com', 'vagounnutrixa-8978')
insert into Персонажи
(ИД_пользователя, ИД_персонажа, Имя_персонажа, Количество_валюты)
values('USRAAA001','CHRAAA0011','Raylee Crutchley', 23)
insert into Персонажи
(ИД_пользователя, ИД_персонажа, Имя_персонажа, Количество_валюты)
values('USRAAA001','CHRAAA0012','Rudy Whitley', 105)
insert into Персонажи
(ИД_пользователя, ИД_персонажа, Имя_персонажа, Количество_валюты)
values('USRAAA002','CHRAAA0021','Caden Rutland', 230)
insert into Персонажи
(ИД_пользователя, ИД_персонажа, Имя_персонажа, Количество_валюты)
values('USRAAA003','CHRAAA0031','Jess Coombs', 2)
insert into Персонажи
(ИД_пользователя, ИД_персонажа, Имя_персонажа, Количество_валюты)
values('USRAAA003','CHRAAA0032','Jamie Smithies', 133)
insert into Персонажи
(ИД_пользователя, ИД_персонажа, Имя_персонажа, Количество_валюты)
values('USRAAA004','CHRAAA0041','Charlie Harley', 76)
insert into Персонажи
(ИД_пользователя, ИД_персонажа, Имя_персонажа, Количество_валюты)
values('USRAAA005','CHRAAA0051','Casey Smithy', 54)
insert into Персонажи
(ИД_пользователя, ИД_персонажа, Имя_персонажа, Количество_валюты)
values('USRAAA006','CHRAAA0061','Maddox Breeden', 19)
insert into Персонажи
(ИД_пользователя, ИД_персонажа, Имя_персонажа, Количество_валюты)
values('USRAAA007','CHRAAA0071','River Leighton', 216)
insert into Персонажи
(ИД_пользователя, ИД_персонажа, Имя_персонажа, Количество_валюты)
values('USRAAA008','CHRAAA0081','Cameron Hallewell', 284)
insert into Персонажи
(ИД_пользователя, ИД_персонажа, Имя_персонажа, Количество_валюты)
values('USRAAA008','CHRAAA0082','Ashley Peyton', 96)
insert into Персонажи
(ИД_пользователя, ИД_персонажа, Имя_персонажа, Количество_валюты)
values('USRAAA009','CHRAAA0091','Brynn Abram', 42)
insert into Персонажи
(ИД_пользователя, ИД_персонажа, Имя_персонажа, Количество_валюты)
values('USRAAA009','CHRAAA0092','Billie Mitchell', 11)
insert into Персонажи
(ИД_пользователя, ИД_персонажа, Имя_персонажа, Количество_валюты)
values('USRAAA010','CHRAAA0101','Marley Presley', 182)
insert into Каталог
(ИД_предмета, Название, Цена, Описание, Тип_предмета)
values('ITAA1','Evil Potion', 25, 'Just an evil potion', 'temporary')
insert into Каталог
(ИД_предмета, Название, Цена, Описание, Тип_предмета)
values('ITAA2','Mana Potion', 30, 'Just a mana potion', 'temporary')
insert into Каталог
(ИД_предмета, Название, Цена, Описание, Тип_предмета)
values('ITAA3','Health Potion', 30, 'Just a health potion', 'temporary')
insert into Каталог
(ИД_предмета, Название, Цена, Описание, Тип_предмета)
values('ITBA1','Fire Sword', 100, 'Sword with a lighter', 'permanent')
insert into Каталог
(ИД_предмета, Название, Цена, Описание, Тип_предмета)
values('ITAA4','Bottle of water', 5, 'Just bottle with water in it', 'temporary')
insert into Каталог
(ИД_предмета, Название, Цена, Описание, Тип_предмета)
values('ITBA2','Boots of speed', 100, 'You must be fast enough to catch them', 'permanent')
insert into Каталог
(ИД_предмета, Название, Цена, Описание, Тип_предмета)
values('ITAA5','Bread', 5, 'Simple bread made from wheat', 'temporary')
insert into Каталог
(ИД_предмета, Название, Цена, Описание, Тип_предмета)
values('ITAA6','Branch', 3, 'From tree', 'temporary')
insert into Каталог
(ИД_предмета, Название, Цена, Описание, Тип_предмета)
values('ITAA7','Cookie', 4, 'Om-nom-nom', 'temporary')
insert into Каталог
(ИД_предмета, Название, Цена, Описание, Тип_предмета)
values('ITBA3','Magic Staff', 200, 'It is staff and it has magic in it ', 'permanent')
insert into Приобретенные_предметы
(ИД_ячейки, ИД_пользователя, ИД_персонажа, ИД_предмета, Цена, Количество)
values('I0001','USRAAA003','CHRAAA0031','ITBA3',200, 1)
insert into Приобретенные_предметы
(ИД_ячейки, ИД_пользователя, ИД_персонажа, ИД_предмета, Цена, Количество)
values('I0001','USRAAA004','CHRAAA0041','ITAA4',5, 2)
insert into Приобретенные_предметы
(ИД_ячейки, ИД_пользователя, ИД_персонажа, ИД_предмета, Цена, Количество)
values('I0001','USRAAA008','CHRAAA0082','ITAA7',4, 1)
insert into Приобретенные_предметы
(ИД_ячейки, ИД_пользователя, ИД_персонажа, ИД_предмета, Цена, Количество)
values('I0001','USRAAA010','CHRAAA0101','ITBA1',100, 1)
insert into История_операций
(ИД_пользователя, ИД_персонажа, ИД_предмета, Цена, Номер_операции, Дата, Тип_операции)
values('USRAAA003','CHRAAA0031','ITBA3',200,1,'2000-15-12 00:00:00.000', 'BUY')
insert into История_операций
(ИД_пользователя, ИД_персонажа, ИД_предмета, Цена, Номер_операции, Дата, Тип_операции)
values('USRAAA004','CHRAAA0041','ITAA4',5,2,'2000-16-12 00:00:00.000', 'BUY')
insert into История_операций
(ИД_пользователя, ИД_персонажа, ИД_предмета, Цена, Номер_операции, Дата, Тип_операции)
values('USRAAA004','CHRAAA0041','ITAA4',5,3,'2000-17-12 00:00:00.000', 'BUY')
insert into История_операций
(ИД_пользователя, ИД_персонажа, ИД_предмета, Цена, Номер_операции, Дата, Тип_операции)
values('USRAAA004','CHRAAA0041','ITAA4',5,4,'2000-18-12 00:00:00.000', 'BUY')
insert into История_операций
(ИД_пользователя, ИД_персонажа, ИД_предмета, Цена, Номер_операции, Дата, Тип_операции)
values('USRAAA004','CHRAAA0041','ITAA4',5,5,'2000-18-12 00:00:00.000', 'SELL')
insert into История_операций
(ИД_пользователя, ИД_персонажа, ИД_предмета, Цена, Номер_операции, Дата, Тип_операции)
values('USRAAA008','CHRAAA0082','ITAA7',4,6,'2000-18-12 00:00:00.000', 'BUY')
insert into История_операций
(ИД_пользователя, ИД_персонажа, ИД_предмета, Цена, Номер_операции, Дата, Тип_операции)
values('USRAAA010','CHRAAA0101','ITBA1',100,7,'2000-19-12 00:00:00.000', 'BUY')